id,firstname,lastname
100,Jacquetta,Wattenberg
101,Shaylyn,Jeanne
102,Doro,Seumas
103,Nyssa,Gombach
104,Zia,Delila
105,Grier,Chem
106,Donnie,Codding
107,Asia,Mallon
108,Gaylene,Helve
109,Molli,Lilas
110,Kary,Hailee
111,Willetta,Urias
112,Jaclyn,Skurnik
113,Albertina,Mullane
114,Linzy,Gilmous
115,Valeda,Kiyoshi
116,Kirstin,Thilda
117,Minne,Karna
118,Ilse,Brodench
119,Jsandye,Adamsen
120,Allis,Bertold
121,Ekaterina,Bates
122,Helsa,Rudolph
123,Malina,Magnolia
124,Ekaterina,Brian
125,Daphne,Cyrie
126,Shell,Izaak
127,Celene,Dalli
128,Jerry,Lalitta
129,Merle,Toor
130,Penelopa,Darbie
131,Aeriela,Latini
132,Queenie,Beniamino
133,Sissy,Lauraine
134,Sadie,Euridice
135,Nariko,Thar
136,Diena,Shields
137,Benita,LaRue
138,Gilligan,Scammon
139,Candi,Ezar
140,Ezmeralda,Holtz
141,Dari,Vivle
142,Taffy,Vivle
143,Roberta,Engdahl
144,Merci,Nore
145,Alameda,Si
146,Chandra,Helve
147,Madelle,August
148,Valeda,Croix
149,Alyda,Fabiola
150,Helsa,Raychel
151,Ginnie,Elvyn
152,Tracey,Kesley
153,Nanete,Cath
154,Chloris,Japeth
155,Shirlee,Carlson
156,Zia,Lasley
157,Hermione,An
158,Madelle,Baptlsta
159,Sean,Bobbee
160,Giustina,Reinke
161,Dolli,Geffner
162,Gusty,Celestine
163,Marleah,Quinn
164,Lexine,Gordon
165,Raina,Torray
166,Tilly,Atcliffe
167,Alleen,Mike
168,Ileana,Zetta
169,Vonny,Tomasina
170,Daune,Berne
171,Noelle,Kosey
172,Elfreda,Hashim
173,Arlena,Wadell
174,Nita,Stav
175,Kirstin,Wiener
176,Lucille,Fulmer
177,Maryellen,Kendrick
178,Emelina,Kravits
179,Christal,Timon
180,Oralee,Urias
181,Beverley,Joeann
182,Eolanda,Uund
183,Dorthy,Gusella
184,Ingrid,Kannry
185,Helena,Christal
186,Moyna,Demitria
187,Corene,Philoo
188,Lolita,Eiser
189,Teddie,Bearnard
190,Dede,Pernick
191,Nonnah,Felecia
192,Talya,Neils
193,Vere,Emmaline
194,Sheelagh,Natica
195,Sadie,Riva
196,Tressa,Beebe
197,Danny,Ezar
198,Dorothy,Douglass
199,Modestia,Ellord